Zooty zoot,박민혁,"JINJO, BASEUS",B-boy,https://www.instagram.com/zootyseoul
Jin,진,Funkintheheart,Popping,https://www.instagram.com/jin_funkintheheart/
JEEM,짐,"빛고을댄서스, Masterpiece",Waacking,https://www.instagram.com/masterpiece_jeem/
Konan,김영진,Eeight,B-boy,https://www.instagram.com/kim.konan/
JEMIN,장제민,,Waacking,https://www.instagram.com/jeminofficial/
Madman,박우송,,B-boy,https://www.instagram.com/madman_park/
Brother bin,박형빈,Frenchfriez,Locking,https://www.instagram.com/brother_bin/
C.Know,강신호,wanna what,Waacking,https://www.instagram.com/c.know_k/
5000,신승훈,"빛고을댄서스, Mbitious",Hiphop,https://www.instagram.com/5000rpsn.kr/
B1,엄혜성,도봉구청 브레이킹 실업팀,B-boy,https://www.instagram.com/yuseonyeong8474
Rush,최동욱,Gamblerz crew,B-boy,https://www.instagram.com/bboyrush88
Melman,멜먼,Justevee,Popping,https://www.instagram.com/melman_justevee/
Madmoon,이문세,Platon crew,B-boy,https://www.instagram.com/bboymadmoon
Famous,유명훈,Oneway crew,B-boy,https://www.instagram.com/1way_famous
Mett,박정우,"variety balance, BasementBlocks",Popping,https://www.instagram.com/poppin_mett_vb/
Dandy,댄디,,Popping,https://www.instagram.com/dandy_hi_baby/
MARID,김혜인,빛고을댄서스,Waacking,https://www.instagram.com/marid____/
ONEBell,최원종,,,https://www.instagram.com/_.onebell._/
Edwardelric,김영일,Artistreet,B-boy,https://www.instagram.com/edwardelric01
Tutat,정성갑,MHY,Popping,https://www.instagram.com/kingtutat/
A.K.A TWO,아카투,BasementBlocks,Popping,https://www.instagram.com/akatwo88/
Stubborn,권영진,Oneway crew,B-boy,https://www.instagram.com/1way_stubborn
D.sleep,안훈,"JINJO, BASEUS",B-boy,https://www.instagram.com/dsleeprothko
EUN.G,진은지,,Popping,https://www.instagram.com/eun.g_popping/
Octopus,황명찬,JINJO,B-boy,https://www.instagram.com/jinjoocto
Vero,장지광,JINJO,B-boy,https://www.instagram.com/jinjovero/
Heady,최승빈,Artistreet,B-boy,https://www.instagram.com/bboyheady
Rhythmgate,한성범,T.I.B CREW,Hiphop,https://www.instagram.com/rhythmgate_kr/
Troydi,김도현,Unlimited,House,https://www.instagram.com/troydi__ulmtd/
MEAN,박성민,Funkintheheart,Popping,https://www.instagram.com/theboymean/
YuJin,유진,,Popping,https://www.instagram.com/yujin_dancer/
Stonelock,스톤락,"Realmanz, Focus",Locking,https://www.instagram.com/stone_lock/
Millie,최정우,Flowxl,B-boy,https://www.instagram.com/millie_fxl
Chase,박주승,Eeight,B-boy,https://www.instagram.com/bboychase_/
Leon,김종호,Fusionmc,B-boy,https://www.instagram.com/leonfusionmc/
Locker ZEE,김민지,"Nonstopcrew, Deepndap",Locking,https://www.instagram.com/locker.zee/tagged/
Thirteenboy,하태영,"JINJO, BASEUS",B-boy,https://www.instagram.com/thirteenboyme/
Aape,최철호,FLOORADDICTS,B-boy,https://www.instagram.com/bboyaape
Soma,김우중,FLOORADDICTS,B-boy,https://www.instagram.com/bboysoma_kr
Rampart,조우현,Unlimited,House,https://www.instagram.com/ram.part__ulmtd/
Dol,박진형,MB crew,B-boy,https://www.instagram.com/bboydol
Freshbella,전지예,SOULBURNZ,B-girl,https://www.instagram.com/sbz_freshbella
Hong10,김홍열,Flowxl,B-boy,https://www.instagram.com/bboyhongten/
Ogong,김정욱,JINJO,B-boy,https://www.instagram.com/jinjoogong
HOAN,호안,WORLD FAME US,Popping,https://www.instagram.com/p_hoan/
Jazzbear,오원빈,Flowxl,B-boy,https://www.instagram.com/krapnibnow
Jiho Kim,김지호,,Popping,https://www.instagram.com/babygang_vb/
Invince,인치현,"JINJO, BASEUS",B-boy,https://www.instagram.com/invince._
Wing,김헌우,JINJO,B-boy,https://www.instagram.com/bboywing
Kudak,최경환,Frenchfriez,Locking,https://www.instagram.com/__kudak__
Celine,김해린,Frenchfriez,Locking,https://www.instagram.com/ff_celine_/
CERA,천유진,"Mannequeen, Signature, CTRL",Waacking,https://www.instagram.com/cera___/
Brown Tio,브라운티오,Oriental heroez,Popping,https://www.instagram.com/browntio_/
Starry,권성희,도봉구청 브레이킹 실업팀,B-girl,https://www.instagram.com/starry._.nine
Yoon Ji,윤지,"Mannequeen, Masterpiece",Waacking,https://www.instagram.com/masterpiece_yoonji/
LEEVER,이예은,"CTRL, deepbrown",Waacking,https://www.instagram.com/likealeever/
Take a time,최연서,,Popping,https://www.instagram.com/takeatime__/
Minji,송민지,,B-girl,https://www.instagram.com/bgirl_minji
LEEK,릭,,Hiphop,https://www.instagram.com/leekevsty/
RAMA,이재국,"A.O team, RIZZ",Hiphop,https://www.instagram.com/rama.sss_ao/
Locker Hwa,Locker Hwa,Cosmic D-flo,Locking,https://www.instagram.com/lockerhwa/
DSWAVE,DSWAVE,,Hiphop,https://www.instagram.com/dswaveisme/
Mkay,은정훈,20centuryboyz,B-boy,https://www.instagram.com/bboymkay
LIL'C,릴씨,Funkintheheart,Popping,https://www.instagram.com/lilc_world/
lizy,최예지,,Hiphop,https://www.instagram.com/_lizyzone/
Torch,토치,cracker,House,https://www.instagram.com/torch_lee/
Ziwoo,송지우,2waydance,Locking,https://www.instagram.com/ziwoo_2way/
FE,오철제,Flowxl,B-boy,https://www.instagram.com/elements_fe
LEESE,이성이,Neo.type,Hiphop,https://www.instagram.com/leese_lee/
Nesco,최찬배,Gamblerz crew,B-boy,https://www.instagram.com/nescoz
Kazino,이진호,FLOORADDICTS,B-boy,https://www.instagram.com/bboykazino
Bambi,강동화,,Popping,https://www.instagram.com/bambi_popping/
Taevong,김태원,,Popping,https://www.instagram.com/tae.vong_vb/
LUCAS,서종한,Color,Hiphop,https://www.instagram.com/how_about_lucas/
Red burn,정하용,Wild crew,B-boy,https://www.instagram.com/wild_redburn/
Eagle,이상진,,B-boy,https://www.instagram.com/eagleone_bboykr/
Bigshot,조민근,,B-boy,https://www.instagram.com/bigshot._9
Quiiidy,조민규,,Waacking,https://www.instagram.com/be.uniquequiiidy/
Skim,김헌준,JINJO,B-boy,https://www.instagram.com/jinjoskim
BUTA,부타,,Locking,https://www.instagram.com/buuuta__day
Chuc,이해동,,Locking,https://www.instagram.com/chuc_day/
Mario,이병준,Artistreet,B-boy,https://www.instagram.com/supa_soul_m/
Double.d,조동휘,,Hiphop,https://www.instagram.com/double.d_kr/
JULU,홍준우,Macrocube,Hiphop,https://www.instagram.com/juluzld/
Luna yuna,유나,Cosmic D-flo,Locking,https://www.instagram.com/luna.yuna/
Kwanwoo,송관우,,Waacking,https://www.instagram.com/dancer_kwan_woo/
JYO,이병조,Unlimited,House,https://www.instagram.com/jyo__ulmtd/
Meadow,이초원,BREAKPOINTS,B-boy,https://www.instagram.com/bboymeadow
Onekick,주한익,,Popping,https://www.instagram.com/oxonekick/
Maximus,양성준,,Waacking,https://www.instagram.com/maxi._mus._/
Bong,봉지훈,"ODDFAM, T.I.B CREW",Hiphop,https://www.instagram.com/_b0ng/
Piggy,김성윤,,Popping,https://www.instagram.com/pigggy___/
Volly,박상범,,Krump,https://www.instagram.com/volly____/
Swallow,정수범,SOULBURNZ,B-boy,https://www.instagram.com/bboy_swallow_03
Crasher,정상영,Wild crew,B-boy,https://www.instagram.com/wild_crasher_/
Whale,이우명,Artistreet,B-boy,https://www.instagram.com/real_whale
Neal,Neal,,Locking,https://www.instagram.com/lockingneal/
Soonbin,순빈,Oriental heroez,Popping,https://www.instagram.com/soonbinyejun/
Heavy Lock,배혜지,,Locking,https://www.instagram.com/heavyy_lock/
HAEJUN,해준,,Waacking,https://www.instagram.com/haejunchoice/
Seungbin,한승빈,,Waacking,https://www.instagram.com/seungbin.kr/
김예림,김예림,,House,https://www.instagram.com/xdpfla/
Deegun,이동건,,Hiphop,https://www.instagram.com/deegun_seoul/
MOOK,이정묵,,Locking,https://www.instagram.com/mo0k10ck/
DRY D,박건용,Fusionmc,B-boy,https://www.instagram.com/dryd.fmc
Samson,이동규,Platon crew,B-boy,https://www.instagram.com/samsonplt/
이현준,이현준,,Hiphop,https://www.instagram.com/kuno_kr/
이나은,이나은,,Waacking,https://www.instagram.com/n___eunni/
Yell,김예리,Gamblerz crew,B-girl,https://www.instagram.com/yell_yeri_kim
Minchan,송민찬,,B-boy,https://www.instagram.com/bboy_minchan
Who Mean,송종훈,"MUSU, ODDFAM",Hiphop,https://www.instagram.com/whomeann/
Jaygee,제이지,WORLD FAME US,Popping,https://www.instagram.com/jaygee_____/
GOG,이규진,Gamblerz crew,B-boy,https://www.instagram.com/gog_lee
Moolock,정무진,,Locking,https://www.instagram.com/_moolock/
Riha,리하,Neo.type,Popping,https://www.instagram.com/riha_rtist/
Wizzard,위자드,빛고을댄서스,Waacking,https://www.instagram.com/prince_wizzard_/?g=5
정여린,정여린,,Popping,https://www.instagram.com/sb_yeorin/
Matthew,위성재,,Krump,https://www.instagram.com/ps_matthew/tagged/
Keypo,김지빈,,Locking,https://www.instagram.com/key_po______/
Taemin,정태민,,Waacking,https://www.instagram.com/taemin_2way/
Dabong,정다혜,LOCK N LOL,Locking,https://www.instagram.com/lipfunk_dabong/
Soar,진채완,Break ambition,B-boy,https://www.instagram.com/soar.ed_jin
Comet,코멧,Break ambition,B-boy,https://www.instagram.com/comet_lll
Juuzou,전은혁,fanzed crew,B-boy,https://www.instagram.com/juuzounder/
Fresh,신선,빛고을댄서스,Hiphop,https://www.instagram.com/fresh_bitgoeul/
Mr.Keem,김재연,Unique flow,"Locking, Popping",https://www.instagram.com/mr.keem__/
Neoh,정권수,cracker,House,https://www.instagram.com/neoh_._/
Sukist,서키스트,Eeight,B-boy,https://www.instagram.com/bboysukist/
Lockbong,락봉,,Locking,https://www.instagram.com/lockbong_day
Amber,정민진,,Hiphop,https://www.instagram.com/amber_mnjn/
Simmon,김수현,Frenchfriez,Locking,https://www.instagram.com/simmon__03
Mew,뮤,Frenchfriez,Locking,https://www.instagram.com/mew_steez/
Rodeng,로뎅,Specialll crew,Locking,https://www.instagram.com/fsp_rodeng/
Noice,전상현,MB crew,B-boy,https://www.instagram.com/noice.mbcr
Mac,최재혁,Brother green,B-boy,https://www.instagram.com/mac7_seven/
이예담,이예담,,Popping,https://www.instagram.com/ye.dannce/
Jaesang,박재상,overaize,House,https://www.instagram.com/jaesang.orz/
Clack,조현우,COMBAT,Hiphop,https://www.instagram.com/xxickety_xxack/
Racoon,박재형,MB crew,B-boy,https://www.instagram.com/mbcrew_racoon
Boomball,황인경,MB crew,B-boy,https://www.instagram.com/boomball_mbcr/
Shortyforce,한상호,,B-boy,https://www.instagram.com/shortyforce/
Rai,라이,,Popping,https://www.instagram.com/_rai.archive/
2touch,오태진,,"B-boy, Hiphop",https://www.instagram.com/2touchshaolinthebluesman/
Seagull,박상민,MB crew,B-boy,https://www.instagram.com/boy_sangmin
Chur,추서현,CAY CREW,B-girl,https://www.instagram.com/cay_chur
T,김정환,,B-boy,https://www.instagram.com/imbboyt/tagged/
Queentaa,퀸타,,Waacking,https://www.instagram.com/queentaaon1y/
EUN YOUNG,백은영,,House,https://www.instagram.com/eun0_1303/
Daill,장수현,CAY CREW,B-boy,https://www.instagram.com/cay_daill
Vercy,김채림,Fusionmc,B-girl,https://www.instagram.com/vercy_cham/
Mr.split,김태우,Cosmic D-flo,Locking,https://www.instagram.com/mr.split25/
Kiki,박창윤,Comingout,Waacking,https://www.instagram.com/kiki.coming/
Hidden,공수진,"Spicy’S, Inpose.Evil",Waacking,https://www.instagram.com/sujin_hidden/
SERO,세로,Oriental heroez,Popping,https://www.instagram.com/sero_ohz/
JEONGJUN,서정준,LOCK N LOL,Locking,https://www.instagram.com/je0ng_jun_/
Slain,여인수,"Artistreet, The Goonies crew",B-boy,https://www.instagram.com/slainz_/
Liz,김민지,,Waacking,https://www.instagram.com/liz_inmyprime/
짹벼리,짹벼리,,Locking,https://www.instagram.com/jack14_ellie19/
Ash,안성화,variety balance,Popping,https://www.instagram.com/a5h.vb/
Spark,김채은,Team blackout,Krump,https://www.instagram.com/chaeeun_spark_kim/
Hajun,이하준,Fusionmc,B-boy,https://www.instagram.com/bboy_hajun
BEGITA,베지타,Platon crew,B-boy,https://www.instagram.com/bboybegita/
Trix,김태현,Primekingz,Krump,https://www.instagram.com/primekingz_trix/
FUNKU,김형우,,Locking,https://www.instagram.com/funku_funku_funku
Neorocski,이석봉,Gorilla crew,B-boy,https://www.instagram.com/neorocski/
Bravo,김병훈,Platon crew,B-boy,https://www.instagram.com/platon_bravo/
DDochi Lock,최근령,RIZZ,Locking,https://www.instagram.com/ddochi_lock/
Seong hee,최성희,,Hiphop,https://www.instagram.com/se0ng_hee_/
MINI,채민희,WOLFLO,Hiphop,https://www.instagram.com/dancer_mini/
Predy,천병준,CAY CREW,B-boy,https://www.instagram.com/predy1995
장예령,장예령,T.I.B CREW,Hiphop,https://www.instagram.com/yeyrung/
Shinobi,신태종,Rivers crew,B-boy,https://www.instagram.com/shinobirvs/
Bumble.b,정창현,,B-boy,https://www.instagram.com/bumble.b_/
김경남,김경남,,Waacking,https://www.instagram.com/south_8.17/
Rotia,김호정,,Waacking,https://www.instagram.com/rotiaaa_/
Somuch,Somuch,,Waacking,https://www.instagram.com/i.luv.u_somuch/?g=5
KIDO,남상아,,Krump,https://www.instagram.com/kido_girl_.golem/
Leap,김응혁,Gamblerz crew,B-boy,https://www.instagram.com/gamblerz_leap
방지민,방지민,,Hiphop,https://www.instagram.com/merongjimin/
이예은,이예은,,Hiphop,https://www.instagram.com/yeeunyeah/
Yeonju,이연주,,Waacking,https://www.instagram.com/yexxju_/
SEMI,SEMI,,Hiphop,https://www.instagram.com/m.b.a_semi/
Yuntak,한윤탁,Eeight,B-boy,https://www.instagram.com/dino_yuntak/
Dinopaki,구하늘,Team Nuts,Hiphop,https://www.instagram.com/d_i_n_o__p_a_k_i/
INA,강인아,,Hiphop,https://www.instagram.com/p/Cq8PVCNJpYL/
정현정,정현정,,Waacking,https://www.instagram.com/hhyunzung/
L.sun,박선우,Nonstopcrew,Locking,https://www.instagram.com/l.sun_mighty/
Beast,전경배,Break ambition,B-boy,https://www.instagram.com/beast_the_lights
Wild Dog,안종희,mooae(무애),B-boy,https://www.instagram.com/bboy_wild_dog
Zophy,오정우,Onyx crew,Popping,https://www.instagram.com/z_ophy/
Cooni,쿠니,C_mille,Popping,https://www.instagram.com/coo___ni/
Goofy,박찬준,,B-boy,https://www.instagram.com/goofy_dogg/
CMI,크미,Oneway crew,B-boy,https://www.instagram.com/p/C_97ZtHT3pY/?img_index=1
Bekka,명노헌,JINJO,B-boy,https://www.instagram.com/jinjobekka
U-ONE,유완수,heartbeat crew,B-boy,https://www.instagram.com/u1_heartbeat/tagged/
Fennec,페넥,glayers,Popping,https://www.instagram.com/imfennec/
Mint-Roc,황민태,CAY CREW,B-boy,https://www.instagram.com/mint_roc_cay/
GV,GV,MBA crew,Hiphop,https://www.instagram.com/mbacrew_official/
keehyun,염기현,overaize,House,https://www.instagram.com/keehyun_/
조서영,조서영,,Locking,https://www.instagram.com/jse.o_/
Locktan,락탄,,Locking,https://www.instagram.com/locktan/
G SENSE,지센스,T.I.B CREW,Hiphop,https://www.instagram.com/gsense_kr/tagged/
WISE,전주완,hanya,Hiphop,https://www.instagram.com/wise_hanya/
정수진,정수진,,Hiphop,
Ashes,최예슬,Fusionmc,B-girl,https://www.instagram.com/ashes_fusionmc/tagged/
Yuna,허유나,,House,https://www.instagram.com/hur_yuna/
Groove m,박민우,beat surfers,House,https://www.instagram.com/groove.m_beatsurfers/
Hiry,김진원,,Locking,https://www.instagram.com/hiryway/
poppin c,poppin c,,,
DROP,고준영,Uptown Family,Hiphop,https://www.instagram.com/drop_ppppp/
태민,정태민,,Hiphop,https://www.instagram.com/taminxoals/
김수정,김수정,,Hiphop,https://www.instagram.com/suujjss/
solsow,slosow,,Hiphop,https://www.instagram.com/solsow08/
Rotein,정민찬,Hi Klass,Popping,https://www.instagram.com/ro_tein_
Nervy,Nervy,Slow Plow,House,https://www.instagram.com/mkleenervy/
KYONI,쿄니,LOCK N LOL,Locking,https://www.instagram.com/lipfunk_kyoni/
Sinvy,신예린,,House,https://www.instagram.com/sinvvy__/
Copa,채종현,,Popping,https://www.instagram.com/dancer_copa
Fihz,서동희,,"B-boy, Hiphop",https://www.instagram.com/fihzfihz/
Piki,은서,Color,,https://www.instagram.com/somoon_piki/
Siri,최창협,BASEUS,B-boy,https://www.instagram.com/siri_.b/
Steel8,정수진,"maxcrew, BREAKPOINTS",B-girl,https://www.instagram.com/steel8___/
정도,정도,,Locking,https://www.instagram.com/king_bk05/
최규연,최규연,,Popping,https://www.instagram.com/i_seul_04/
김준영,김준영,Unlimited,House,https://www.instagram.com/znyuung__ulmtd/
R,장유석,,Krump,https://www.instagram.com/am.eman.si.r/
RYU,류,,Popping,https://www.instagram.com/l_like__ryu/
TEMA,테마,CTRL,Waacking,https://www.instagram.com/temaisme/
조수미,조수미,,Locking,https://www.instagram.com/locking_jo_sumi/
LEGO,LEGO,A.O team,Hiphop,https://www.instagram.com/lego_ao/
서준영,서준영,,Popping,https://www.instagram.com/junch1_/
Tazaki,안상규,Break ambition,B-boy,https://www.instagram.com/bboytazaki
Inhook,조인후,Break ambition,B-boy,https://www.instagram.com/inhook_
Jihoon,장지훈,Break ambition,B-boy,https://www.instagram.com/jihoon.reg
Lilky,박준영,JINJO,B-boy,https://www.instagram.com/jinjolilky/
Physicx,김효근,"Rivers crew, Brother green",B-boy,https://www.instagram.com/physicx_rvs/?g=5
A2Z,A2Z,Brother green,B-boy,
Darius,다리우스,,B-boy,https://www.instagram.com/bboy_darius/
Rookie,루키,Flowxl,B-boy,https://www.instagram.com/rawkeyz/
고아라,고아라,,Hiphop,https://www.instagram.com/kncklsandwich/
조영빈,조영빈,fanzed crew,Hiphop,https://www.instagram.com/inmountboy/
Jimin,안지민,K.L.W.C,Waacking,https://www.instagram.com/jm.thx/
Yoon K,박윤,,Locking,https://www.instagram.com/yoonk_day/
Hongsy,홍시,,Locking,https://www.instagram.com/hong_sy_life/
김건우,김건우,,Locking,https://www.instagram.com/kgw_insta/
POPCORN,박지민,,Popping,https://www.instagram.com/thesalted__/
kriss,크리스,,Popping,
Crowe,조철현,,House,https://www.instagram.com/croweworc/
IMP,김민석,,Krump,https://www.instagram.com/imp__kr/
Jaeho,안재호,"Sikgu, About crew",Hiphop,https://www.instagram.com/jaehointhezone/
Dove,신은휘,Focus,Hiphop,https://www.instagram.com/acid_dove/
COMA,윤현민,MUSU,Krump,https://www.instagram.com/coma_x_liveness/
Cuckoo,이지수,,Waacking,https://www.instagram.com/lee.cuckoo/
Becky,박가영,,Hiphop,https://www.instagram.com/becky_fvp/
POPPIN'SON,SON,,Popping,
Lunatic,배영수,Fusionmc,B-boy,https://www.instagram.com/breaklunatic/
NEMA,네마,Color,Hiphop,https://www.instagram.com/nema_astr0/
Mooreup,임승민,hanya,Hiphop,https://www.instagram.com/mooreup_hanya/
Bam,노희범,CAY CREW,B-boy,https://www.instagram.com/heebam98
Magang,김현준,,B-boy,https://www.instagram.com/mapo_gangstar
김서윤,김서윤,,Locking,https://www.instagram.com/yoonseomik
Fullbloom,김기재,,House,https://www.instagram.com/be_in.fullbloom/
Jibak,박지선,odd house,House,https://www.instagram.com/jibak__
Miqq,miqq,Platon crew,B-boy,https://www.instagram.com/dj_miqq/
해수,해수,,Hiphop,https://www.instagram.com/haxxsoo/?g=5
ODI,오디,,Waacking,https://www.instagram.com/odi_heart_/
곽주연,곽주연,,Locking,https://www.instagram.com/hyosun827/
Sonic,소닉,Gorilla crew,B-boy,https://www.instagram.com/sonicstz/
Deli,박민주,Personal Trick,House,https://www.instagram.com/deli_min_ju/?g=5
Toro,최은성,,Voguing,https://www.instagram.com/bossbabytoro/
Simly,심리,,House,https://www.instagram.com/simlyis/
Renner,Renner,,Hiphop,https://www.instagram.com/renner.___/
박재윤,박재윤,,Hiphop,https://www.instagram.com/j2_y0on/
PONY,포니,deepbrown,Waacking,https://www.instagram.com/pony.thechic/
김효빈,김효빈,,Popping,https://www.instagram.com/jieun89bin/
Hyeok,민동혁,,Popping,https://www.instagram.com/hyeok_09_/
GOF,이도건,Banktwobrothers,Hiphop,https://www.instagram.com/gof_xxk/
KYJUN,김준식,,Waacking,https://www.instagram.com/_kyjun__/
Saburo,Saburo,Cosmic D-flo,Locking,https://www.instagram.com/sabur0_/
Collie,박요섭,Gorilla crew,B-boy,https://www.instagram.com/colliedogi/
Louis Shan,Louis Shan,School Bboyz,B-boy,https://www.instagram.com/socool_bboyz/
Taeyoung,권태영,,Waacking,https://www.instagram.com/_.dudtae._/tagged/
HOZIN,강호진,WORLD FAME US,Popping,https://www.instagram.com/h0zin/
김현서,김현서,,House,https://www.instagram.com/herehyunthe
RexKang,강예창,,Hiphop,https://www.instagram.com/rexkang_/
Mynone,박민영,,Waacking,https://www.instagram.com/say.mynone/
Goodmind,굿마인드,,B-boy,https://www.instagram.com/bboygoodmind/
Ai,에이아이,,B-boy,https://www.instagram.com/bboy_ai_/
배진아,배진아,missmolly,Locking,https://www.instagram.com/im_xi.na/tagged/
DAM,임담,"Gwangmi, About crew",Hiphop,https://www.instagram.com/about.c_dam/
Tazo,타조,Gamblerz crew,B-boy,https://www.instagram.com/tazo_sung/tagged/
이승한,이승한,,B-boy,https://www.instagram.com/v_o.hi/
Ola,올라,Signature,Waacking,https://www.instagram.com/ola_heart_/
Sinbi,신미소,,Waacking,https://www.instagram.com/shinbi_heart_/
Grace,그레이스,Focus,Waacking,https://www.instagram.com/grace__heart_/
Locking yoom,권윤미,FunkyFonky,Locking,https://www.instagram.com/funkyfonky_lockingyoom/
문현우,문현우,,Popping,https://www.instagram.com/pop_hyunwoo/
Han,박한,cracker,House,https://www.instagram.com/han____._/
Neepy,임준배,SOULBURNZ,B-boy,https://www.instagram.com/bboyneepy/
Rawberry,강채영,Oneway crew,B-girl,https://www.instagram.com/1way_rawberry/
Kimminseo,김민서,,Hiphop,https://www.instagram.com/__kimminseo__/
Spirit,이은규,funkyfreaks,B-boy,https://www.instagram.com/bboyspirit_
정아경,정아경,,B-girl,https://www.instagram.com/todd_day_/
EHAN,이창환,,Hiphop,https://www.instagram.com/ehannnlee
Haryeong,장하령,,Waacking,https://www.instagram.com/harlin_day/
MISO,김미소,,Waacking,https://www.instagram.com/comleymiso_/?g=5
byeol,문한별,,Waacking,https://www.instagram.com/mun__byeol/
SEOHYUN,박서현,,Popping,https://www.instagram.com/s.eo_hyun/
Hyosim,정효심,,Popping,https://www.instagram.com/hyosim_ing/
Kaijoke,최정환,,Popping,https://www.instagram.com/kaij0ke/tagged/
Ziro,이지수,,House,https://www.instagram.com/ziroleeoriz/
성지수,성지수,,House,https://www.instagram.com/gooinnerpeace/
민지,정민지,,House,https://www.instagram.com/vxrm1nt/
임성호,임성호,,Krump,https://www.instagram.com/yell_out_loud_yolo/
Lil Door,릴도어,Door fam,Krump,https://www.instagram.com/ps_noback/
Lockdown,장영조,,Krump,https://www.instagram.com/boi.g_lockdown/tagged/
Tracker,Tracker,,Krump,https://www.instagram.com/tracker_faster/
OLAF,OLAF,,Hiphop,https://www.instagram.com/olafoooooo/
The end,김연수,Gamblerz crew,B-boy,https://www.instagram.com/the.end_kim
오혜령,오혜령,,Hiphop,https://www.instagram.com/hi__ppy_/
Zino,백진원,,Locking,https://www.instagram.com/_zino_day/
Tai,타이,,Popping,https://www.instagram.com/dancer_tai/tagged/
Hope,이정우,Fusionmc,B-boy,https://www.instagram.com/hope_jeongwoo/
DEEP K,수정,B'Golden,Hiphop,https://www.instagram.com/deepk.eeep/
홍태윤,홍태윤,,Hiphop,https://www.instagram.com/goat_99wiz/
신승훈,신승훈,,Hiphop,https://www.instagram.com/p/C-k9Tz3PfoA/
Mine,김민지,,Waacking,https://www.instagram.com/_min._.e__/
최민성,최민성,,Waacking,https://www.instagram.com/m.fla1only/
김나윤,김나윤,,Locking,https://www.instagram.com/na.yoon.2/
LockingOne,지혜원,Rollinghands,Locking,https://www.instagram.com/rollinghands_one/
Yuny,정윤영,,Locking,https://www.instagram.com/yuny_hi/
Ai,김윤호,Robotronic Harmonix,Popping,https://www.instagram.com/dancer__ai
Kingtak,탁규범,"variety balance, MHY",Popping,https://www.instagram.com/kingtak_vb/
TAEKY,윤태경,,Popping,
Feellm,고준혁,I.GA,House,https://www.instagram.com/only_feellm/
강시은,강시은,,,https://www.instagram.com/singnee_981/
Nebula,최성운,Wild crew,B-boy,https://www.instagram.com/wild._.nebula/
Stay,박형주,Wild crew,B-boy,https://www.instagram.com/wild__stay/
Rascal,원민호,Wild crew,B-boy,https://www.instagram.com/wild_honor_rascal
Raon,안금주,Wild crew,B-girl,https://www.instagram.com/wild_raon/
DNO,김규래,,Hiphop,https://www.instagram.com/dno_saurus/
지민혁,지민혁,,Hiphop,https://www.instagram.com/minhxxk_06/
Jay,조현우,"Funkateers, Onezwill",Popping,https://www.instagram.com/jay_fb_ow
Sinc,김재현,,Popping,https://www.instagram.com/kjh_sinc/
Raw,심민찬,,Popping,https://www.instagram.com/raw_heartbeat/
Box,임현태,,B-boy,https://www.instagram.com/willu__box/
Kimflo,Kilflo,,B-boy,https://www.instagram.com/kimflo928
민세연,민세연,,Hiphop,https://www.instagram.com/alstpdus_2/
Grooveman,그루브맨,,Popping,https://www.instagram.com/p_grooveman
SUN,썬,glayers,Popping,https://www.instagram.com/s_u_n_9_5/
Changhee,박창희,BREAKPOINTS,B-boy,https://www.instagram.com/bboychanghee/
어건석,어건석,,Waacking,https://www.instagram.com/p/DAvozSHykeP/?img_index=1
Joopy,박도언,,Locking,https://www.instagram.com/joopy._.day/
HAZZI,김하정,House of Love,Voguing,https://www.instagram.com/hazzikeem/
Kingso,소재환,Gamblerz crew,B-boy,https://www.instagram.com/kingso97
Lil Bomb,임세범,TG breakers,B-boy,https://www.instagram.com/tgb_lil_bomb/
Lucky,장석근,Nonstopcrew,Locking,https://www.instagram.com/funkylocals_lucky/
Python,한원영,mooae(무애),B-boy,https://www.instagram.com/python_one_young
Piro,청솔,mooae(무애),B-boy,https://www.instagram.com/do_re_mi_parasol
Poker,장원우,BREAKPOINTS,B-boy,https://www.instagram.com/_bboypoker
KIRIN,KIRIN,,Hiphop,https://www.instagram.com/ki.rin___/
Halo,할로,WOLFLO,Hiphop,https://www.instagram.com/halo_jang/
ROB,로브,,Hiphop,https://www.instagram.com/robpursue/tagged/
KIPPER,이동건,Frenchfriez,Locking,
Windy,문예원,,Popping,https://www.instagram.com/windypopping/
Cruger,크루거,,Krump,https://www.instagram.com/wave_of_killa/
Maca,전예서,D.Freek,Hiphop,https://www.instagram.com/maca_d_kr/
노연우,노연우,,,
HERA,서현승,,,https://www.instagram.com/hera_6zg/
Vo,Vo,,,
Javelin,오명교,BREAKPOINTS,B-boy,https://www.instagram.com/bboy_javelin
Blo,심병현,fanzed crew,B-boy,https://www.instagram.com/b_andflower/
Star key,이성준,MB crew,B-boy,https://www.instagram.com/starkey__l/
RED,레드,F_side Rockers,B-boy,https://www.instagram.com/red_f.side.rockerz/
Flex,황정우,Fusionmc,B-boy,https://www.instagram.com/flex_fusionmc/
SuperPlayer,유현열,Fusionmc,B-boy,https://www.instagram.com/p/DBqzvHKvD8r/?img_index=1
Sknuf,심주용,Artistreet,B-boy,https://www.instagram.com/sknuf/
Jonghoon Park,박종훈,Artistreet,B-boy,https://www.instagram.com/p/DBQ83aKBNno/?img_index=2
Jihoo,윤지후,,Hiphop,https://www.instagram.com/jihoo__kr
ALVIN,앨빈,,Hiphop,https://www.instagram.com/alvin.against.world/
박경민,박경민,,Hiphop,https://www.instagram.com/worldno1idol/
도원,도원,,Hiphop,https://www.instagram.com/liil_won/
이수연,이수연,,Waacking,https://www.instagram.com/s00yeon___/
Unsu,조운수,,Waacking,https://www.instagram.com/p/C8jTV8UBgKj/
Song,송혁준,Realmanz,Locking,https://www.instagram.com/locking_song
Simple,심승규,"Focus, Realmanz",Locking,https://www.instagram.com/sim_seungkyu
Mr.hero,김영웅,,Locking,https://www.instagram.com/super_mr.her0
심예인,심예인,,Locking,https://www.instagram.com/yein._.rr
박유린,박유린,,Locking,https://www.instagram.com/yurin_117/
박민준,박민준,,Popping,https://www.instagram.com/mj_park.0808/
EUNSO,이은소,,Popping,https://www.instagram.com/eunso_heartbeat/
정율이,정율이,,House,https://www.instagram.com/__yuuul_/
Myu,조시은,,Voguing,https://www.instagram.com/softvvyu/
Ammi,박아현,,Locking,https://www.instagram.com/locking._.ammi/
Counter,카운터,Primekingz,Krump,https://www.instagram.com/k.mang.j/
illion,김재중,,B-boy,https://www.instagram.com/illion_stylesteps/
김진우,김진우,,B-boy,https://www.instagram.com/kimjinwoo678/
Kai,두희카이,,B-boy,https://www.instagram.com/bboy_kai09/
JUN,김준석,MB crew,B-boy,https://www.instagram.com/bboy.jun/
안미경,안미경,,B-girl,https://www.instagram.com/mimig0_0/
Yeachan,김예찬,Nop:e crew,Hiphop,https://www.instagram.com/_yeachan_kim/
ZIYU,지유,D-flower,Waacking,https://www.instagram.com/iamziyu__/
이정원,이정원,,Locking,https://www.instagram.com/garden._._/
Door,도어,"Primekingz, Stayble",Krump,https://www.instagram.com/door_oh/
Rimshot,림샷,Team blackout,Krump,https://www.instagram.com/rimshot__/
SURF,SURF,,B-boy,
유일,유일,,Hiphop,https://www.instagram.com/p/DAOJujGyCGf/?img_index=1
Boogie zin,김진재,Specialll crew,Locking,https://www.instagram.com/boogie__zin/
김성미,김성미,,Popping,https://www.instagram.com/Sungmi_v/
Spax,김성찬,Artistreet,B-boy,https://www.instagram.com/spaxspace
Kill,박인수,Gamblerz crew,B-boy,https://www.instagram.com/gamblerzkill
Yuz,유즈,,Locking,https://www.instagram.com/yuz_dancer/
Yami,야미,,B-boy,https://www.instagram.com/yellowyami11/
기석,이기석,,Hiphop,https://www.instagram.com/gi.seok_
C-ZER,주형기,Nop:e crew,Hiphop,https://www.instagram.com/c.zer___nuthing/
CHUNJA,안예진,,,
장도원,장도원,,B-boy,https://www.instagram.com/wstchoong/
MEERO,김나영,About crew,Hiphop,https://www.instagram.com/meero.is.amazerisker/
Reona,최지우,,Waacking,https://www.instagram.com/re_0na__
J-PAC,박종걸,,Waacking,https://www.instagram.com/jpac_hard/
Pooky,푸키,wanna what,Waacking,https://www.instagram.com/pooky__s/
Honey pop,Honey pop,,Locking,https://www.instagram.com/__honey_p0p_day/
Champiwan,챔피완,,Popping,https://www.instagram.com/champiwan_beatbugs/
YUNNY,이승연,Peace&Quiet,Popping,https://www.instagram.com/peacenquiet_official/
TANK,TANK,,Popping,
Sang Ah,박상아,,House,https://www.instagram.com/s.ang.ah
ONE,유상원,,Hiphop,https://www.instagram.com/iwthe_one/
Lino,리노,,Hiphop,https://www.instagram.com/lino._kr/?g=5
Gayun,김가윤,,Waacking,https://www.instagram.com/gayun.zip/
Khan,권석진,,Locking,https://www.instagram.com/lockingkhan/
HEON,노영헌,,Locking,https://www.instagram.com/_heon_32/?g=5
김가람,김가람,,Popping,https://www.instagram.com/__r.am_/
Popchoe,최유진,,Popping,https://www.instagram.com/pop_cho.e/
김주은,김주은,,House,https://www.instagram.com/ju_aena_/
Unusual,정유림,BOTB,Krump,https://www.instagram.com/unusual_queenax/
R.U,알유,,Krump,https://www.instagram.com/r.u_boy_drkz
Kaicho,이가형,mooae(무애),B-boy,https://www.instagram.com/kaicho_/
Groovy,한소연,Primequeenz,Krump,https://www.instagram.com/yeonnei/
Groot,이범수,,B-boy,https://www.instagram.com/groot_bsb_5percent/
안병욱,안병욱,About crew,Hiphop,https://www.instagram.com/about.c_wook03/
고건주,고건주,,Hiphop,https://www.instagram.com/p/DAvtKz4yYKR/?img_index=1
김준,김준,,Hiphop,https://www.instagram.com/kimjoon_universe/
유빈,유빈,,Hiphop,https://www.instagram.com/ubin__nn/?g=5
김태소,김태소,,Locking,https://www.instagram.com/kim_taekso/
정수진,정수진,,Locking,https://www.instagram.com/geniejeong_/
문재욱,문재욱,,Locking,https://www.instagram.com/surya__fosho/tagged/
엄동규,엄동규,,Popping,https://www.instagram.com/freep0p/
Nauty One,임승환,Rivers crew,B-boy,https://www.instagram.com/nautydabl3ss/
CODE,코드,Flowxl,B-boy,https://www.instagram.com/codechillax/
Wellsee,웰씨,,Waacking,https://www.instagram.com/_wellsee_/
김태양,김태양,,Hiphop,https://www.instagram.com/k_tyang/
Mapsi,맵시,Comingout,Waacking,https://www.instagram.com/p/C-h5EtTSQzt/?img_index=1
Junsik,이준식,,House,https://www.instagram.com/055_junsik
ziosio,박준호,higgs,House,https://www.instagram.com/zioosio/tagged/
HELLA,헬라,Primequeenz,Krump,https://www.instagram.com/hellahyelin/
김한설,김한설,,,
고범준,고범준,,,
신단비,신단비,,,
노유림,노유림,,,
Know How,노하우,or.sees,Waacking,https://www.instagram.com/_know_how_w/
DAEUN,다은,,Locking,https://www.instagram.com/p/C6T1xUtSeLi/
Sunny Lock,써니락,LOCK N LOL,Locking,https://www.instagram.com/p/DCgnr-rycsO/?img_index=1
Firstlady,firstlady,LOCK N LOL,Locking,https://www.instagram.com/lnl_firstlady/
Zino,지노,,Popping,https://www.instagram.com/poppin_zino/
Bolt,김종욱,,Popping,https://www.instagram.com/dokteuk_bolt/?g=5
Jaeyeul,이재열,"odd house, beat surfers",House,https://www.instagram.com/jaeyeul_beatsurfers
O-gong,이준원,,House,https://www.instagram.com/house_ogong/
Mer,메르,,Voguing,https://www.instagram.com/mer.nobile/
DO.H,김도현,,Krump,
Fawks,fawks,MB crew,B-boy,https://www.instagram.com/p/C-xje3rygj2/?img_index=1
M.J,권예준,,B-boy,https://www.instagram.com/bboy_m.j/
Flit,김민수,mooae(무애),B-boy,https://www.instagram.com/flit_1998minsu/
장도연,장도연,,B-girl,https://www.instagram.com/wkdeh_/
YUJU,허유주,,Waacking,https://www.instagram.com/hur_yuju/
CHLOE,박서현,,Waacking,https://www.instagram.com/viva_chloelove/
Praaayy,기도윤,K.L.W.C,Waacking,https://www.instagram.com/praaayy__/tagged/
Nero,네로,"mightylockidz, Color",Locking,https://www.instagram.com/nero.mighty/
YELLOW. D,최병호,M.V.P,Hiphop,https://www.instagram.com/iam_yellowd/
Maho,Maho,,Hiphop,https://www.instagram.com/stories/mahochoi/
Cova,이성준,,Hiphop,https://www.instagram.com/m.b.a_cova/
조은서,조은서,,Hiphop,https://www.instagram.com/ma_bback/
박세준,박세준,,Hiphop,https://www.instagram.com/p/CwaOqn0phyA/?img_index=1
Suhyun,김수현,,Waacking,https://www.instagram.com/suhyun_dancer/
서승희,서승희,mismolly,Waacking,https://www.instagram.com/im_sghee/
Seeun,권세은,or.sees,Waacking,https://www.instagram.com/sseunnn_/
Rockjung,박정은,,Locking,https://www.instagram.com/_rockjung/
Trigger,트리거,icuve,Popping,https://www.instagram.com/d_trigger_/
ZINWON,진원,,Popping,
Girin,기린,,House,https://www.instagram.com/_girinnn/
HILLO,HILLO,,House,
Be Fast,김도현,,Krump,https://www.instagram.com/dohstyle/tagged/
SEORO,서로,,Hiphop,https://www.instagram.com/deep_gray_____________________/
ADI,아디,,Hiphop,https://www.instagram.com/p/C3zQN04SF7C/
한서윤,한서윤,,Waacking,https://www.instagram.com/__soooni/
Dajeong,이다정,,Locking,https://www.instagram.com/dajeong3_06/
안태빈,안태빈,,Hiphop,https://www.instagram.com/_taebang/
Iro,Iro,hanya,Hiphop,https://www.instagram.com/iro__ao/
이서윤,이서윤,,Waacking,https://www.instagram.com/country_i/
김동호,김동호,,Waacking,https://www.instagram.com/weasleyyy_y/
Malin,이은민,,Waacking,https://www.instagram.com/kissmalin/
Lock-Dong,락동,Cosmic D-flo,Locking,https://www.instagram.com/lockdong/
Punkrain,김지원,,Locking,https://www.instagram.com/punkrain_k/
김은향,김은향,,Locking,https://www.instagram.com/__eunnh/
Mangchi,망치,Realmanz,Locking,https://www.instagram.com/mangchi_dance/
Vetti,김서령,"Donker, Charm",House,https://www.instagram.com/___vetti/
Seika,김세빈,,Hiphop,https://www.instagram.com/sayseika/
Banan,Banan,,,https://www.instagram.com/banan.p___
Cold bro,김찬형,,,
Noodle,홍성식,Gamblerz crew,B-boy,https://www.instagram.com/noodle_gamblerz
Cayu Kim,김명지,,Waacking,https://www.instagram.com/kiiik_z/
Miyoo,유미,Frenchfriez,Locking,https://www.instagram.com/_myu_miyoo
SIMFINE,심고은,,Locking,
양짱,양현경,,Locking,
SERI,SERI,,Locking,
ROH,노윤아,,Popping,https://www.instagram.com/dse_db_s_roh/tagged/
정영훈,정영훈,,House,https://www.instagram.com/zerohoon_j/
황윤민,윤민,,House,https://www.instagram.com/spatiyuum._/
Saena,Saena Park,,House,
Roar,로어,Primequeenz,Krump,https://www.instagram.com/roar_ladycube/
Silverbi,이은비,About crew,Hiphop,https://www.instagram.com/about.c_silverbi/
Erica,진희진,,Waacking,https://www.instagram.com/iced_americcano/t
SUZAN,김수진,D-flower,Waacking,https://www.instagram.com/suzan_d.flower/
Shinbi,신미소,,Waacking,https://www.instagram.com/shinbi_heart_/
Slowman,정재훈,spotlight,Popping,https://www.instagram.com/slowman____/
HYO,HYO,"Opportunitee, DEF’TIGER",Hiphop,https://www.instagram.com/hhhyo._/
Yueun,유은,,Hiphop,https://www.instagram.com/choeuu/
SLEEP,조성진,,Hiphop,https://www.instagram.com/sleepgroove/
SAGO,김민겸,,Hiphop,https://www.instagram.com/sago_kim/
yalex,yalex,,Hiphop,
재호,재호,,Hiphop,
Beomsu,이범수,g.housefam,House,https://www.instagram.com/beomsu_90/
Vinyl,강경호,Fusionmc,B-boy,https://www.instagram.com/vinyl_fusionmc/
Kamoon,문수연,,Hiphop,https://www.instagram.com/_kamoooon/tagged/
JROC,제이락,,Hiphop,
HANI,박한희,,Waacking,https://www.instagram.com/hani.vibe__/
PEARL,김진주,,Locking,https://www.instagram.com/locking_pearl
Tengo,남궁원,,Locking,https://www.instagram.com/_ten.go_/
박세훈,박세훈,,,
lilsom,전은솜,,Hiphop,https://www.instagram.com/lils0m______/
Ha young,이하영,,Hiphop,https://www.instagram.com/ha.y____/
Dasom,다솜,,Popping,https://www.instagram.com/dasompop
Gyurim,규림,C_mille,Popping,https://www.instagram.com/gyurimmmm/
POPIN Q,팝핀큐,Robotronic Harmonix,Popping,https://www.instagram.com/popinq/tagged/
Daihu,다이후,overaize,House,https://www.instagram.com/daihu__/
KYEOM,김성겸,,House,https://www.instagram.com/kyeom__kyeom/tagged/
Squall,임지혁,,B-boy,https://www.instagram.com/squall_bboy/tagged/
Nlllbo,Nlllbo,,Hiphop,https://www.instagram.com/nlll__bo/
Woojin,Woojin,,Hiphop,https://www.instagram.com/try.woojin/
Baram,Baram,,Hiphop,https://www.instagram.com/bi__baram/
성정아,성정아,,Hiphop,https://www.instagram.com/je.on_g_/
Ehvo,에보,,Waacking,https://www.instagram.com/ehvobb/
Sharote,노혜솜,wanna what,Waacking,https://www.instagram.com/_sharote_/
GOOZBUMP,박정욱,Emotionalline,Popping,https://www.instagram.com/goozbump_el/
Hella,헬라,,Popping,https://www.instagram.com/hella__rt/
Dongmin,동민,,Popping,https://www.instagram.com/pop_dongmin/
SANS,상현,Highmove,Popping,https://www.instagram.com/8_sans/
이서현,이서현,,,
Scamp,최영,SOULBURNZ,B-boy,https://www.instagram.com/sbz_scamp/
정찬용,정찬용,,Hiphop,https://www.instagram.com/jcy_yong/
허지윤,허지윤,,Waacking,https://www.instagram.com/_acionhun/
이채린,이채린,K.L.W.C,Waacking,https://www.instagram.com/diva__motion/
Cotton,진웅,,Locking,https://www.instagram.com/d_.cotton/
김준석,김준석,,Locking,https://www.instagram.com/joyboylock/
LOCKYUL,권선율,,Locking,https://www.instagram.com/lock_yul/
성혁,성혁,,Locking,
Ginger,,,Locking,
HYOBIN,양효빈,,Popping,https://www.instagram.com/hyobin__kr/
Owen,차원겸,,Popping,https://www.instagram.com/_0wennn_06/
이수헌,이수헌,,House,https://www.instagram.com/lee__bucu/
김지후,김지후,,House,https://www.instagram.com/j._xhxo.08/
이지호,이지호,,House,https://www.instagram.com/_iz__o/
Ming Fasho,황민규,,Hiphop,https://www.instagram.com/mingfasho_nuthing/
Baby Sleek,김지영,WOLFLO,Hiphop,https://www.instagram.com/p/DBWYbCmyftL/
Daeun,정다은,,Waacking,https://www.instagram.com/e_uuuuuun_/
조여진,조여진,,Waacking,https://www.instagram.com/yoour_jin_/
GO_UL,김고운,Signature,Waacking,https://www.instagram.com/go__ul/
Knockge,황준서,Nonstopcrew,Locking,https://www.instagram.com/nonstopcrew_knockge/
Hata,하타,fresh_blowup,Locking,https://www.instagram.com/hata_locking
Nollboo,놀부,,Locking,https://www.instagram.com/nollboo_dancer/
LYN,정재연,Nonstopcrew,Locking,https://www.instagram.com/lyn__vb/?g=5
안비손,안비손,,Locking,https://www.instagram.com/an_b_hand/tagged/
Wootan,이종찬,Develop,Popping,https://www.instagram.com/wootan_lee/
Kiana,하연,,Voguing,https://www.instagram.com/p/C-vUaj8SJ41/?img_index=3
Duckgoo,김재구,mooae(무애),B-boy,https://www.instagram.com/bboy_duck.goo
임아름,임아름,,Waacking,https://www.instagram.com/im__armi/
J,제이,,Waacking,https://www.instagram.com/woodlikej/
강민우,강민우,,Hiphop,https://www.instagram.com/miinnu_/
U DEE,U DEE,,Hiphop,https://www.instagram.com/u__dee/
BABE,베이브,,Hiphop,https://www.instagram.com/babe_4n/
New Star,김새별,,Hiphop,https://www.instagram.com/p/C8Y2OrVyKlF/?img_index=2
RUDUS,김경연,,Hiphop,https://www.instagram.com/__ruddddddus_/
Sona,은소연,wanna what,Waacking,https://www.instagram.com/sona.beloved/
Zimin,지민,,Locking,https://www.instagram.com/zi.mi.n/
Kaba,이수민,,Locking,https://www.instagram.com/__kabaday/
U-BONG,유봉,Cosmic D-flo,Locking,https://www.instagram.com/locker_ubong/
배정환,배정환,,Locking,https://www.instagram.com/jeonghwanie_/
Dia,디아,,Popping,https://www.instagram.com/aka_dia98/
Gener,제너,,Popping,https://www.instagram.com/p_0p_gener/
임정은,임정은,,Hiphop,https://www.instagram.com/__jay_gem/
문철,문철,,Waacking,
김아진,김아진,,Waacking,https://www.instagram.com/brillantelucy_/
정민경,정민경,,Waacking,https://www.instagram.com/kei_brn/tagged/
이에스더,이에스더,,Waacking,https://www.instagram.com/lesther.ace/
김유경,김유경,,Locking,https://www.instagram.com/gang._yu/
구건희,구건희,,Locking,https://www.instagram.com/p/DBB09eQycZX/?img_index=1
Groot,박형렬,"Funkateers, Onezwill",Popping,https://www.instagram.com/groot_fb_ow/
김주환,김주환,,House,https://www.instagram.com/dim0teodore/
coco,최은지,,Hiphop,https://www.instagram.com/cocoflowave_/
WONY,,,Hiphop,https://www.instagram.com/wony._/
Yeonwoo,이연우,,Waacking,https://www.instagram.com/yeon_woo307/
HOW,하우,,Waacking,https://www.instagram.com/howasyourday__
Rosha,Rosha,,Waacking,https://www.instagram.com/roshakim_/
Donte,허준영,,Waacking,https://www.instagram.com/_donte_heo/
박세민,박세민,,Locking,https://www.instagram.com/ssminiii__8201/
Popjjoo,Popjjoo,Zero Gravity,Popping,https://www.instagram.com/0grvt_popjjoo/
Maniac,매니악,Team blackout,Krump,https://www.instagram.com/maniacc_monsta.knkrt_tbo/t
Malt,장소연,,Hiphop,https://www.instagram.com/malt_soyeon11/
권재은,권재은,Nop:e crew,Hiphop,https://www.instagram.com/jae_eun_03/
LI.JUN,리준,,Hiphop,https://www.instagram.com/_li.jun_/
Mig.on,장민곤,,Hiphop,https://www.instagram.com/mig__on/tagged/
Locking_son,손현준,,Locking,https://www.instagram.com/jun2012lui/
송이슬,송이슬,,Locking,https://www.instagram.com/barasesang/
Newgate,이승아,Stayble,Krump,https://www.instagram.com/anotha______/
성수민,성수민,BOTB,Krump,https://www.instagram.com/botb_trai_angle/
이종건,이종건,Magazine,Krump,https://www.instagram.com/p_gunuf/
윤영,윤영,,Locking,https://www.instagram.com/fksk_041/?g=5
Kahlua,장영우,,Waacking,https://www.instagram.com/kahlua_omw/
Taigun,김태건,,Waacking,https://www.instagram.com/tai_gun/
박지호,박지호,,Waacking,https://www.instagram.com/x_2h.0/
오나영,오나영,,Waacking,https://www.instagram.com/nayoung_season/
강현정,강현정,,Waacking,https://www.instagram.com/chu_way/
Roman,Roman,,Waacking,https://www.instagram.com/lntheroman/
ZINNIA,진희,Nop:e crew,Waacking,https://www.instagram.com/zinnia.kr/
Krumppy,크럼피,Team blackout,Krump,https://www.instagram.com/krumppycho_gzmv/tagged/
김태엽,김태엽,,Krump,https://www.instagram.com/_fabulous_off/
Odo,김도영,,Hiphop,https://www.instagram.com/odo_kim/
Balker,Balker,,Hiphop,https://www.instagram.com/redflare_balker/
Jasper,제스퍼,Rough&Blues,Waacking,https://www.instagram.com/jasp9r_
Yulim,안유림,Charm,Hiphop,https://www.instagram.com/yulmii__/
Yara,Yara,,Hiphop,https://www.instagram.com/yara.hiphop1_1/
박진건,박진건,,Hiphop,https://www.instagram.com/vellentineday/tagged/
Hyunji,윤현지,,Waacking,https://www.instagram.com/y.hyunz00/
d.on,최동수,,Popping,
양짱,,,,
Midnightblue,이승엽,JINJO,B-boy,https://www.instagram.com/midnightblue_boy
Rockonmashoes,황희찬,JINJO,B-boy,https://www.instagram.com/rockonmashoes
Jerk,차경진,Break ambition,B-boy,https://www.instagram.com/jerk._etc
SO,소재환,CAY CREW,B-boy,https://www.instagram.com/kingso97
Snorlax,재운,Wild crew,B-boy,https://www.instagram.com/wild_snorlax_/
Min chae,박민채,,Hiphop,https://www.instagram.com/min_chaeeee/
K WON,권보혁,,Hiphop,https://www.instagram.com/k_wonnn/
Kugie,장문성,kkanbyeong,Hiphop,https://www.instagram.com/ashes_fusionmc/
slinky,준서,somoon,Hiphop,https://www.instagram.com/somoon_slinky/
KIME,키메,,Hiphop,https://www.instagram.com/hye_young_kime/?g=5
ARIEL,김태희,,Waacking,https://www.instagram.com/therealarielll_/
ZELDA,김윤미,,Waacking,https://www.instagram.com/lll__zelda__lll/
Hyojin,효진,,Waacking,https://www.instagram.com/hyooo93/
Shelme,성주영,,Waacking,https://www.instagram.com/shelme.whynot/
Lock min,박민웅,mightylockidz,Locking,https://www.instagram.com/lockmin_mighty/
Rogeers lock,신지섭,"mightylockidz, Realmanz",Locking,https://www.instagram.com/rogerslock_mighty/
Zee,김민지,,Locking,https://www.instagram.com/locker.zee/
Kaku,유가람,,Locking,https://www.instagram.com/kaku_gr/
Ohco,이지연,,Locking,https://www.instagram.com/_ohc0__
Sejun kim,세준,,Locking,https://www.instagram.com/sejun_dance/
Seul a,이슬아,FunkyFonky,Locking,https://www.instagram.com/funkyfonky_seula
Woogie,우기,,Locking,https://www.instagram.com/woogie_funkydancer
Funkyloco,임지훈,"mightylockidz, Realmanz",Locking,https://www.instagram.com/funkyloco_mighty
Carrey,이재민,"Specialll crew, Realmanz",Locking,https://www.instagram.com/carrey_lock
Soulrabbit,최보슬,Rollinghands,Locking,https://www.instagram.com/rollinghands___soulrabbit/
LockerHope,배소망,Rollinghands,Locking,https://www.instagram.com/rollinghands_lockerhope/
Rozy,박선희,Rollinghands,Locking,https://www.instagram.com/rollinghands_rg_rozy/
Flom,오혜진,Rollinghands,Locking,https://www.instagram.com/rollinghands__flom/
Spicy,김혜원,Rollinghands,Locking,https://www.instagram.com/rollinghands_spicy/
Lizard,권순민,The Goonies crew,Popping,https://www.instagram.com/_1izard_/
Funk won,이원준,,Popping,https://www.instagram.com/funk.won/
Josungwoo,조성우,VELOCITY,Popping,https://www.instagram.com/jo_sung_woo__/
MoonK,문형조,,Popping,https://www.instagram.com/joe_moonk
adora,김원준,VELOCITY,Popping,https://www.instagram.com/adora_pop/
Dpop,박정륭,VELOCITY,Popping,https://www.instagram.com/d_pop_the_ryuuung/
공성민,공성민,VELOCITY,Popping,https://www.instagram.com/vc_zero_min/
Chanywest,차니웨스트,,Popping,https://www.instagram.com/chanywest/
Mr.robot,김창환,Robotronic Harmonix,Popping,https://www.instagram.com/mrrobot_kim
HODI,이민호,,Popping,https://www.instagram.com/hodi_popping
Graphic,우재영,,Popping,https://www.instagram.com/graphic__expression
Artboog,박민규,VELOCITY,Popping,https://www.instagram.com/art4life_95/
CrazySik,크레이지 식,,Popping,https://www.instagram.com/crazy_sik/
Slugger,슬러거,,Popping,https://www.instagram.com/slugger_sangjun
Sanghyuk,이상혁,Develop,Popping,https://www.instagram.com/sanghyuk_dancer/
Hyeon,유현호,Develop,Popping,https://www.instagram.com/hyeon_ho_dancer/
Burn,번,Galactic Popcorn,Popping,https://www.instagram.com/pop_burn
BUZZ,박종하,Magazine,Popping,https://www.instagram.com/buzz_light_year_popping
Feel J,필제이,Justevee,Popping,https://www.instagram.com/feelj_justevee
Flowin,플로인,Justevee,Popping,https://www.instagram.com/fwgn_justevee/
Heonju,현주,,Popping,https://www.instagram.com/he.on.ju/
Soul-Diky,소울디키,,Popping,https://www.instagram.com/souldiky_dancer/
One,정지원,,Popping,https://www.instagram.com/pop_0ne/
Bear,유성훈,bsb,Popping,https://www.instagram.com/p__bear_
Woody,조성범,Highmove,Popping,https://www.instagram.com/woody.beom
Skytube,스카이튜브,glayers,Popping,https://www.instagram.com/skytube__popping/
Way G,웨이 지,Justevee,Popping,https://www.instagram.com/wayg_justevee/
Salt pop,김다솔,,Popping,https://www.instagram.com/dasol_saltpop/
Hadon,유준혁,I.GA,House,https://www.instagram.com/hadon_i.ga
Baaamy,이승범,I.GA,House,https://www.instagram.com/baaamy_i.ga/
Bonny,김나현,"irion, Charm",House,https://www.instagram.com/bo_nn_y__
Sujin,김수진,,House,https://www.instagram.com/sjann_y
OhSo,오소영,,House,https://www.instagram.com/__oh_so
Hamin,하민,odd house,House,https://www.instagram.com/callme_min_
Rani,이한별,odd house,House,https://www.instagram.com/house_rani
Ryuk,고성민,beat surfers,House,https://www.instagram.com/ryuk_bsf
Floky,플로키,,House,https://www.instagram.com/floky_bsf/
Koc-style,고경래,,House,https://www.instagram.com/_koc_style/
Taesung,권태성,higgs,House,https://www.instagram.com/__taesung/
House taek,하우스택,g.housefam,House,https://www.instagram.com/house_taek/
Love Ran,김란,,Voguing,https://www.instagram.com/loveran725/
TED,TED,,Krump,